{
    "data":{
        "index":{
            "array":[0,1,2,3,4,5,6,7,8,9,10,11,12,13,14,15,16,17,18,19,19,20,21,22,23,24,25,26,27,28,29,30,31,32,18,18,19,33,33,33,32,32,34,35,36,37,38,39,40,41,42,43,44,45,46,47,48,49,50,51,52,53,54,55,56,57,58,59,60,61,62,63,64,65,66,67,68,69,70,71,72,73,74,75,18,18,19,76,77,78,79,80,81,82,83,84,29,85,30,32,32,18,19,19,33,33,33,32,34,86,35,87,88,89,90,91,92,43,93,44,46,94,47,95,96,97,98,99,100,101,102,103],
            "type":"Uint16Array",
            "itemSize":1
        },
        "groups":[{
            "count":132,
            "start":0,
            "materialIndex":0
        }],
        "attributes":{
            "normal":{
                "array":[-7.10543e-15,-1,2.98023e-08,-7.10543e-15,-1,2.98023e-08,-7.10543e-15,-1,2.98023e-08,-5.0664e-07,3.13108e-08,1,-5.0664e-07,3.13108e-08,1,-5.0664e-07,3.13108e-08,1,1,-2.38419e-07,7.10543e-15,1,-2.38419e-07,7.10543e-15,1,-2.38419e-07,7.10543e-15,-5.96046e-08,-2.98023e-07,1,-5.96046e-08,-2.98023e-07,1,-5.96046e-08,-2.98023e-07,1,-1,-1.49012e-07,-2.38419e-07,-1,-1.49012e-07,-2.38419e-07,-1,-1.49012e-07,-2.38419e-07,2.38419e-07,1.78814e-07,-1,2.38419e-07,1.78814e-07,-1,2.38419e-07,1.78814e-07,-1,0,0,0,0,0,0,1,3.54591e-14,5.66244e-07,1,3.54591e-14,5.66244e-07,1,3.54591e-14,5.66244e-07,-1,-1.30639e-14,-2.08616e-07,-1,-1.30639e-14,-2.08616e-07,-1,-1.30639e-14,-2.08616e-07,1,0,2.48403e-07,1,0,2.48403e-07,1,0,2.48403e-07,0,1,0,0,1,0,0,1,0,0,0,0,0,0,0,0,1,-0,0,1,-0,0,1,-0,-1,0,-2.79453e-07,-1,0,-2.79453e-07,-1,0,-2.79453e-07,3.70149e-14,1,-1.24201e-07,3.70149e-14,1,-1.24201e-07,3.70149e-14,1,-1.24201e-07,-7.40298e-15,-1,3.10504e-08,-7.40298e-15,-1,3.10504e-08,-7.40298e-15,-1,3.10504e-08,4.76837e-07,0,-1,4.76837e-07,0,-1,4.76837e-07,0,-1,1,3.46621e-14,2.07569e-07,1,3.46621e-14,2.07569e-07,1,3.46621e-14,2.07569e-07,-8.24805e-15,-1,3.45948e-08,-8.24805e-15,-1,3.45948e-08,-8.24805e-15,-1,3.45948e-08,-1,-3.46621e-14,-2.42164e-07,-1,-3.46621e-14,-2.42164e-07,-1,-3.46621e-14,-2.42164e-07,-1.77636e-15,-1,2.98023e-08,-1.77636e-15,-1,2.98023e-08,-1.77636e-15,-1,2.98023e-08,-4.76837e-07,6.26216e-08,1,-4.76837e-07,6.26216e-08,1,-4.76837e-07,6.26216e-08,1,1,3.27825e-07,5.66244e-07,1,3.27825e-07,5.66244e-07,1,3.27825e-07,5.66244e-07,-5.0664e-07,1.49012e-07,1,-5.0664e-07,1.49012e-07,1,-5.0664e-07,1.49012e-07,1,-1,-1.19209e-07,-2.08616e-07,-1,-1.19209e-07,-2.08616e-07,-1,-1.19209e-07,-2.08616e-07,2.38419e-07,1.78814e-07,-1,2.38419e-07,1.78814e-07,-1,2.38419e-07,1.78814e-07,-1,1,1.77296e-14,5.66244e-07,1,1.77296e-14,5.66244e-07,1,1.77296e-14,5.66244e-07,-1,-6.53194e-15,-2.08616e-07,-1,-6.53194e-15,-2.08616e-07,-1,-6.53194e-15,-2.08616e-07,1,3.11108e-14,2.48403e-07,1,3.11108e-14,2.48403e-07,1,3.11108e-14,2.48403e-07,0,1,0,0,1,0,-1,-3.49996e-14,-2.79453e-07,-1,-3.49996e-14,-2.79453e-07,-1,-3.49996e-14,-2.79453e-07,2.96119e-14,1,-1.24201e-07,2.96119e-14,1,-1.24201e-07,2.96119e-14,1,-1.24201e-07,-7.40298e-15,-1,3.10504e-08,4.76837e-07,0,-1,1,0,2.07569e-07,1,0,2.07569e-07,1,0,2.07569e-07,-1.64961e-14,-1,3.45948e-08,-1.64961e-14,-1,3.45948e-08,-1.64961e-14,-1,3.45948e-08,-1,0,-2.42164e-07,-1,0,-2.42164e-07,-1,0,-2.42164e-07],
                "type":"Float32Array",
                "itemSize":3
            },
            "position":{
                "array":[1,-1,-1,-1,-1,1,-1,-1,-1,0.999999,1,1,-1,2.90365,1,-1,1,1,1,1,-1,1,-1,1,1,-1,-1,0.999999,1,1,-1,-1,1,1,-1,1,-1,-1,1,-1,1,-1,-1,-1,-1,1,-1,-1,-1,1,-1,1,1,-1,0.999999,2.90365,1,-1,2.90365,1,1,1,-1,0.999999,2.90365,1,0.999999,1,1,-1,1,1,-1,2.90365,-1,-1,1,-1,1,1,-1,1,2.90365,-2.91961,1,2.90365,-1,-1,2.90365,-1,0.999999,2.90365,1,1,2.90365,-1,1,2.90365,-1,-1,2.90365,-1,-0.999999,2.90365,-2.91961,1,2.90365,-4.64255,-0.999999,2.90365,-4.64255,-1,2.90365,-1,-0.999999,1,-2.91961,-1,1,-1,1,2.90365,-1,-0.999999,2.90365,-2.91961,-1,2.90365,-1,-1,1,-1,1,1,-2.91961,1,1,-1,-0.999999,1,-4.64255,1,2.90365,-4.64255,1,1,-4.64255,1,1,-2.91961,1,2.90365,-4.64255,1,2.90365,-2.91961,-0.999999,1,-2.91961,1,1,-4.64255,1,1,-2.91961,-0.999999,2.90365,-2.91961,-0.999999,1,-4.64255,-0.999999,1,-2.91961,1,-1,-1,1,-1,1,-1,-1,1,0.999999,1,1,0.999999,2.90365,1,-1,2.90365,1,1,1,-1,0.999999,1,1,1,-1,1,0.999999,1,1,-1,1,1,-1,-1,1,-1,-1,1,-1,1,1,-1,1,-1,1,-1,-1,-1,-1,-1,-1,1,-1,1,1,-1,1,2.90365,-1,0.999999,2.90365,1,-1,1,1,-1,2.90365,1,-1,2.90365,-1,1,1,-1,1,1,-2.91961,1,2.90365,-2.91961,-1,2.90365,1,1,2.90365,-2.91961,-1,2.90365,-1,-0.999999,2.90365,-2.91961,-0.999999,1,-2.91961,1,2.90365,-1,1,2.90365,-2.91961,-0.999999,2.90365,-2.91961,-0.999999,1,-2.91961,-0.999999,2.90365,-4.64255,1,1,-2.91961,1,1,-4.64255,1,2.90365,-4.64255,-0.999999,1,-2.91961,-0.999999,1,-4.64255,1,1,-4.64255,-0.999999,2.90365,-2.91961,-0.999999,2.90365,-4.64255,-0.999999,1,-4.64255],
                "type":"Float32Array",
                "itemSize":3
            }
        }
    },
    "metadata":{
        "normal":104,
        "type":"BufferGeometry",
        "position":104,
        "version":3,
        "generator":"io_three"
    }
}